mu,gamma1,gamma2,gamma3,gamma4,gamma5,gamma6,gamma7,gamma8,gamma9,gamma10,gamma11,gamma12,gamma13,gamma14,gamma15,gamma16,gamma17,gamma18,gamma19,gamma20
0.01,0.004716489,6.477186182,7.803414042,5.099065493,9.362128643,9.82447718,9.950883022,5.163086578,10.3381757,10.2054608,10.66796254,4.936167387,10.6551416,10.13579452,10.68882964,4.503361628,10.5415142,10.08558156,10.30803277,4.178945943
0.0105956,0.004442147,5.989184839,7.195582491,4.798885285,8.626194365,9.046662616,9.173424977,4.835291548,9.527729857,9.401928148,9.808435308,4.637802635,9.787926234,9.335565773,9.803496144,4.225099377,9.698367602,9.274444673,9.488299536,3.926116782
0.0112267,0.004182821,5.539627592,6.639877537,4.517303711,7.95418988,8.336777561,8.462401407,4.530552024,8.787265698,8.668627527,9.024311806,4.359095583,8.997382022,8.606179273,8.997835025,3.965536081,8.929781909,8.537680593,8.741071825,3.68967001
0.0118953,0.003939832,5.125456217,6.131528262,4.253621959,7.339929474,7.688948685,7.812141964,4.246693467,8.109915601,8.000044256,8.308719383,4.097629935,8.276524842,7.941072379,8.264964296,3.723554516,8.228240077,7.867748559,8.059505348,3.469042175
0.0126038,0.003712144,4.743882472,5.666234468,4.006160441,6.778377704,7.097716221,7.217156446,3.98279801,7.4902123,7.389442523,7.655192912,3.853615961,7.619170382,7.333670452,7.598209414,3.497869356,7.585922934,7.25812226,7.437257748,3.262702555
0.0133545,0.003498605,4.392347488,5.2400934,3.774015573,6.26445174,6.557191698,6.672355599,3.73673287,6.922761928,6.83175874,7.057902209,3.625418066,7.019441565,6.779499415,6.99112966,3.287379465,6.996678861,6.702633441,6.868647202,3.069998909
0.0141499,0.003297855,4.068535717,4.849528516,3.556659122,5.793843241,6.06426331,6.172926002,3.507955838,6.402658916,6.321687264,6.5115835,3.411975357,6.471897086,6.272575301,6.438225728,3.090894746,6.455130826,6.195982371,6.348557747,2.889569758
0.0149927,0.003108341,3.770220571,4.49132494,3.352503509,5.362550433,5.612349885,5.71528852,3.294626714,5.925660297,5.855332795,6.011671747,3.211922905,5.971787115,5.808951842,5.934277964,2.907282286,5.957836285,5.733315256,5.872218969,2.720733073
0.0158857,0.002931107,3.495385849,4.162560237,3.16100116,4.967142455,5.198614967,5.295513447,3.095893443,5.487811381,5.428020645,5.553777208,3.024662119,5.514562045,5.384146177,5.474742002,2.735655491,5.501895249,5.310346425,5.435245588,2.562401081
0.0168318,0.002763626,3.242158649,3.860567523,2.980540677,4.604217387,4.819340078,4.909989226,2.90982954,5.085492359,5.036292993,5.134244666,2.848595058,5.096277867,4.995129255,5.055208842,2.575027993,5.084198956,4.923154166,5.033447911,2.413828532
0.0178343,0.002606244,3.008785913,3.582963073,2.810903282,4.270945473,4.471375648,4.555717989,2.735598437,4.715467032,4.676612866,4.749606769,2.683489432,4.713304735,4.637838764,4.672008392,2.424601335,4.701631535,4.568226128,4.662673037,2.274380857
0.0188965,0.002458231,2.793669563,3.327566067,2.651183591,3.964564444,4.151788238,4.229877897,2.572906432,4.374715762,4.346185046,4.396716467,2.528343503,4.362370463,4.30990786,4.321674113,2.28355251,4.351166673,4.242506321,4.319472794,2.14327369
0.020022,0.002292252,2.595115329,3.092182987,2.50050378,3.682508032,3.857871674,3.929617452,2.420170616,4.060232131,4.04183569,4.072447074,2.382057035,4.040170012,4.007550186,4.000721106,2.150885268,4.029654577,3.942865207,4.001538836,2.019719798
0.0212145,0.002162858,2.412159808,2.875531131,2.358791791,3.423125294,3.587524262,3.653314682,2.277284487,3.770181371,3.761666849,3.77493681,2.244676781,3.744797509,3.728905173,3.707105755,2.026592507,3.735132861,3.66739745,3.708428825,1.903731091
0.0224781,0.00204158,2.243335692,2.675749086,2.225134231,3.184147485,3.338441367,3.398507894,2.142928561,3.502149214,3.503156411,3.501519648,2.115458692,3.47345157,3.471776656,3.437878333,1.909846598,3.464892544,3.413553653,3.438510477,1.794573071
0.0238169,0.001927032,2.087481613,2.491385388,2.098972921,2.96383772,3.108809987,3.163295837,2.017354895,3.254258356,3.264393909,3.250093117,1.993636311,3.224031343,3.234144846,3.190873951,1.800121085,3.216714868,3.179332198,3.190217219,1.691772654
0.0252354,0.001807916,1.943451843,2.321020011,1.979911144,2.760470358,2.896905668,2.945896088,1.899039566,3.024973428,3.042880627,3.018666529,1.878898939,2.994478593,3.013000491,2.963943561,1.696839476,2.988560543,2.962837408,2.961737311,1.59486945
0.0267384,0.001706917,1.810406128,2.163662443,1.867730028,2.572778674,2.700980192,2.744995714,1.788158804,2.813092457,2.835859752,2.805713575,1.770907856,2.78332558,2.807276187,2.755454025,1.59979382,2.778741462,2.762678723,2.751646255,1.503635281
0.028331,0.001612374,1.687380072,2.01812402,1.762184223,2.399354605,2.519968604,2.559195143,1.684069685,2.61735016,2.641089333,2.609577012,1.669273599,2.588839316,2.616203436,2.563616495,1.50852164,2.585645406,2.577297407,2.558269237,1.417819469
0.0300184,0.001522332,1.573544071,1.883420262,1.662534341,2.238968678,2.35243147,2.387151713,1.586368287,2.436538782,2.459457088,2.428832569,1.573686846,2.409624696,2.438821003,2.386969711,1.422683933,2.407712303,2.405425183,2.380213019,1.336994162
0.0318063,0.001438213,1.468149618,1.758654238,1.568540785,2.09053002,2.197261175,2.227795999,1.494696608,2.269579307,2.29120315,2.262182992,1.483778767,2.244398761,2.273676852,2.224178663,1.341907294,2.24365385,2.245909395,2.21615559,1.260894882
0.0337006,0.001358691,1.37050826,1.643013261,1.480193105,1.953055464,2.053352007,2.0801923,1.408354985,2.115395829,2.135719522,2.108441111,1.399077085,2.091971121,2.120612483,2.074017034,1.265892895,2.092241662,2.097757836,2.064898737,1.189168489
0.0357079,0.001283314,1.279986968,1.535753453,1.396938628,1.825619947,1.919821853,1.943308374,1.327497669,1.972953847,1.992041005,1.966515442,1.319391133,1.95127191,1.978983205,1.935374321,1.194365069,1.95236897,1.960047572,1.925351203,1.121688818
0.0378346,0.001205843,1.195950455,1.43613625,1.318504733,1.707343662,1.795763022,1.816308393,1.251408822,1.841253863,1.859158438,1.835330967,1.2443034,1.821226935,1.847452726,1.807194674,1.126943794,1.822997706,1.831934343,1.796420137,1.058051657
0.0400881,0.001139746,1.118005755,1.34367467,1.244640617,1.597604907,1.680552287,1.698552164,1.179808036,1.719548562,1.73634472,1.714130221,1.173804257,1.701086556,1.725601554,1.688703733,1.063556327,1.703352185,1.712883768,1.677353997,0.998247735
0.0424757,0.001077546,1.045607284,1.257738014,1.17504127,1.495656461,1.573419662,1.589260795,1.112763588,1.60694506,1.622703602,1.601993381,1.107372952,1.589938042,1.612703828,1.579001777,1.003826299,1.592537157,1.602136739,1.567224925,0.941920299
0.0450056,0.001018678,0.978315179,1.177813418,1.109540047,1.4008708,1.473730906,1.487768619,1.049494874,1.502679459,1.517457328,1.498157858,1.044900379,1.487027099,1.508094556,1.477342019,0.947572668,1.489835921,1.499127923,1.465275396,0.888797339
0.0476861,0.000957551,0.915694745,1.103382961,1.047722792,1.312627535,1.380859297,1.393408104,0.990135988,1.405997618,1.419851859,1.401862261,0.986029806,1.391590582,1.410980376,1.382992906,0.89447338,1.394473629,1.403246105,1.370744979,0.838730401
0.0505263,0.000905607,0.857455568,1.034116576,0.989464224,1.230515182,1.294363718,1.305733893,0.934150641,1.316390408,1.329345593,1.312592021,0.930642428,1.303123083,1.320712178,1.295445916,0.844496036,1.305975854,1.314066388,1.283137817,0.791616475
0.0535357,0.000851698,0.803193177,0.969527716,0.934564797,1.153963955,1.213685206,1.224107859,0.881465853,1.233148632,1.245251098,1.229653429,0.878370408,1.220930281,1.236914316,1.214041205,0.797330029,1.223668314,1.231004219,1.2017548,0.747109653
0.0567243,0.000801219,0.752629372,0.909305327,0.882682381,1.082589236,1.138420243,1.148119014,0.831804074,1.155796077,1.16711425,1.152567598,0.829113299,1.144535733,1.159033515,1.138307093,0.752821669,1.147095524,1.15365017,1.126120115,0.705187123
0.0601028,0.000758223,0.705530997,0.853153551,0.83380467,1.016032345,1.068206589,1.077360268,0.785219674,1.083899001,1.094457053,1.080904342,0.782754184,1.073508752,1.086427831,1.067838027,0.710863703,1.07583812,1.081625062,1.055821791,0.665711873
0.0636825,0.000709333,0.661543763,0.800661012,0.787630135,0.953816205,1.002551728,1.01128113,0.741030163,1.016875939,1.026719907,1.014084104,0.738933013,1.007274856,1.018818925,1.002074615,0.671175389,1.009340582,1.014373614,0.990281063,0.628361716
0.0674754,0.000665687,0.620502835,0.751644341,0.74402233,0.895709063,0.941212672,0.949639717,0.699519159,0.954438316,0.963601181,0.951821463,0.697605467,0.945553563,0.955687681,0.940743755,0.633733397,0.947338568,0.95166657,0.929230943,0.593151905
0.0714943,0.000630347,0.582227019,0.705876047,0.702885885,0.841436041,0.883914027,0.892128354,0.66036509,0.896264885,0.904782545,0.893797792,0.658694289,0.888022955,0.896949949,0.883541377,0.598433051,0.889515497,0.893184923,0.872346821,0.559982166
0.0757525,0.000597033,0.546469236,0.663072043,0.664028455,0.790665755,0.830306315,0.838367692,0.62339601,0.841956237,0.849860169,0.839618722,0.621954389,0.834296909,0.841976946,0.830089799,0.565094831,0.835494411,0.838559681,0.819240144,0.5286509
0.0802643,0.000565647,0.513047477,0.623018887,0.627287558,0.743144945,0.780128924,0.788089389,0.588546749,0.791216421,0.798535179,0.788991207,0.587237113,0.784082573,0.790718577,0.780106212,0.533588459,0.784989269,0.787481118,0.769629916,0.499077321
0.0850449,0.000535995,0.481794288,0.585520553,0.592585112,0.698641935,0.733137616,0.741032655,0.555646917,0.743776647,0.750533076,0.741647479,0.554480606,0.737114863,0.74271927,0.733330274,0.503822893,0.737741209,0.739728995,0.723251347,0.471166449
0.0901102,0.000502044,0.452509888,0.550347827,0.559717654,0.656889985,0.689058879,0.696912887,0.524508521,0.699335034,0.705544082,0.697288143,0.523485721,0.693099788,0.697788095,0.689474474,0.475650723,0.693457033,0.694978052,0.67980297,0.444752172
0.0954772,0.000473107,0.425125048,0.517413001,0.528696097,0.617778457,0.647779272,0.655614703,0.495171244,0.657761142,0.663448747,0.655784374,0.494233689,0.6519105,0.655749243,0.648420528,0.449064003,0.652012224,0.653112437,0.63916206,0.419825782
0.101164,0.000446021,0.399487523,0.486537909,0.499365487,0.581099658,0.609075649,0.616901591,0.467423518,0.618820256,0.623985371,0.616902947,0.466618171,0.613314558,0.616305343,0.60993941,0.423948719,0.613182352,0.613893305,0.601096481,0.396294531
0.107189,0.000418101,0.375450321,0.457560068,0.471627184,0.546664686,0.572755153,0.580579152,0.441274343,0.582300694,0.586962188,0.580433423,0.440506011,0.57710764,0.579360179,0.573828996,0.400197621,0.576754725,0.577119802,0.565400606,0.374050868
0.113573,0.000394359,0.352942259,0.430392974,0.445432371,0.514366999,0.538702245,0.546536708,0.416578841,0.548089248,0.55225243,0.546264862,0.41587927,0.543177351,0.544759358,0.539980252,0.377790938,0.542621361,0.542678725,0.53196165,0.35306117
0.120338,0.000374331,0.331861788,0.404912653,0.420711424,0.484060609,0.506767299,0.514615369,0.393292835,0.51602167,0.519698712,0.514233497,0.39264914,0.511362113,0.512324478,0.508236406,0.356649981,0.51062081,0.510402128,0.500618727,0.333278658
0.127505,0.000351112,0.312057416,0.380952359,0.397323534,0.455555957,0.476747721,0.484601984,0.371285915,0.485879615,0.489085286,0.484124483,0.370677452,0.481451536,0.481861896,0.478390089,0.336641819,0.480547327,0.48007554,0.471161496,0.314552482
0.135099,0.000331512,0.293495355,0.35846567,0.375237712,0.428792059,0.448582915,0.456435501,0.350509627,0.457599485,0.460359686,0.455875167,0.349950005,0.453382119,0.453286857,0.450381222,0.317767572,0.452334828,0.451655827,0.443529469,0.296893396
0.143146,0.000311168,0.276064541,0.337323124,0.35435575,0.403620501,0.422119054,0.429950499,0.330886136,0.431015561,0.433353662,0.429321002,0.330360305,0.426990852,0.426460764,0.424049636,0.299929399,0.425821749,0.424953585,0.417559609,0.280201769
0.151672,0.000293978,0.259715207,0.317468453,0.334649183,0.379971102,0.397275015,0.405078184,0.312382564,0.406052406,0.407992911,0.404387532,0.311880773,0.402206255,0.401282619,0.399323181,0.283109532,0.400932863,0.399910288,0.393180672,0.264464809
0.160705,0.000277866,0.244365553,0.298803037,0.316042663,0.357729666,0.373934634,0.381693189,0.294912726,0.382586909,0.384163738,0.380950872,0.294435871,0.378904599,0.377646416,0.376081463,0.267230645,0.377548556,0.376392714,0.37027299,0.249609672
0.170277,0.000261139,0.229936962,0.281238142,0.298446867,0.336793252,0.351986009,0.359682895,0.278406716,0.360503627,0.361747955,0.358898582,0.277952006,0.356975709,0.355444326,0.354215139,0.252226383,0.355555898,0.354293204,0.3487251,0.235574202
0.180419,0.000248539,0.21640263,0.264742521,0.281866357,0.317120261,0.331381815,0.339010574,0.262867155,0.339763898,0.340711517,0.338190327,0.262425417,0.336380078,0.33462022,0.333683131,0.238096341,0.334911977,0.333563447,0.328496718,0.222357993
0.191164,0.000229455,0.203630368,0.249164435,0.266137741,0.298542623,0.31194497,0.319483474,0.24812198,0.320175019,0.320858336,0.318633963,0.247699059,0.316927408,0.314981587,0.314298474,0.224690551,0.315428566,0.31401629,0.309400785,0.209816371
0.20255,0.000217218,0.191669014,0.234553066,0.251352199,0.281104475,0.293716875,0.301167836,0.23427227,0.301802538,0.302251751,0.300294367,0.2338621,0.298682827,0.296597735,0.296121211,0.212098874,0.297163381,0.295704687,0.291499864,0.198036628
0.214614,0.000205726,0.180423308,0.220801781,0.237401646,0.264686333,0.276567886,0.283928586,0.221207161,0.284511429,0.284753457,0.2830361,0.220810505,0.281511994,0.279320364,0.279018684,0.200221407,0.279983088,0.278493426,0.274660606,0.186923601
0.227397,0.000194953,0.169847022,0.207857923,0.224238017,0.249225861,0.260431166,0.267702,0.208882557,0.268237,0.268299637,0.266793661,0.208500381,0.265350708,0.263082862,0.262925328,0.18901837,0.26382069,0.262315348,0.258818549,0.176441409
0.24094,0.000185967,0.159910552,0.195681678,0.211836763,0.234675091,0.245252269,0.252438341,0.197272858,0.252929936,0.25283655,0.251518018,0.196903487,0.250150444,0.247833863,0.247791696,0.178463808,0.248625434,0.24711451,0.243925239,0.166565521
0.255291,0.000175326,0.150547211,0.184199454,0.200121704,0.220950481,0.230939847,0.238045826,0.18630169,0.238497934,0.238268559,0.237116848,0.185948179,0.235819789,0.233472159,0.233526744,0.168490141,0.234304884,0.232800558,0.229889102,0.157230939
0.270496,0.000164326,0.141733104,0.17337966,0.189068889,0.208013176,0.217451588,0.224484305,0.175954344,0.224901419,0.224554713,0.223549915,0.175612852,0.222318701,0.219964406,0.22008969,0.159078913,0.220817553,0.219326749,0.216670628,0.148421132
0.286607,0.00015505,0.133449181,0.163199493,0.178668362,0.195834274,0.204754182,0.211725808,0.166211936,0.212113606,0.211664872,0.21079088,0.165885551,0.209621865,0.207273781,0.207453858,0.150217202,0.208135509,0.206664541,0.204242717,0.140126976
0.303677,0.000145461,0.125648024,0.15360543,0.16885879,0.184352135,0.192781592,0.199701078,0.157027265,0.200066566,0.199529404,0.19877166,0.156710807,0.197661461,0.19532889,0.195551688,0.141858502,0.196190704,0.194745176,0.19253839,0.132300744
0.321764,0.000137394,0.118315208,0.144577912,0.159631499,0.173541774,0.181507284,0.188381918,0.148384785,0.188736381,0.18812205,0.187468352,0.148079597,0.186413916,0.184107597,0.18435898,0.133991342,0.184958288,0.183541152,0.181533294,0.124935121
0.340929,0.000129025,0.111411359,0.1360696,0.150926543,0.163349021,0.170874849,0.177697649,0.140240294,0.178062336,0.177380451,0.176820554,0.139944119,0.175819031,0.173547218,0.173816087,0.126572262,0.174378102,0.172992114,0.171167935,0.11798792
0.361234,0.000120057,0.104905714,0.128047893,0.142098539,0.153735557,0.160843894,0.167577384,0.132562752,0.168003983,0.167263925,0.166788171,0.132272387,0.16583725,0.16360562,0.163883544,0.119572516,0.164410267,0.163056651,0.161401928,0.111433568
0.382749,0.00011357,0.098801377,0.120509164,0.133776727,0.144693621,0.151406884,0.157942954,0.125355359,0.15855751,0.157766083,0.157367555,0.125073203,0.156464808,0.154276829,0.154557097,0.113001932,0.155050268,0.15372882,0.152231145,0.105281173
0.405546,0.000106794,0.093052623,0.113403987,0.125926466,0.136167847,0.142506339,0.148715896,0.118567847,0.14965981,0.148823237,0.148495811,0.118290737,0.147639059,0.145498131,0.145774805,0.106809173,0.146235694,0.144945983,0.143593388,0.09948141
0.4297,0.000101795,0.087653933,0.106724133,0.118538964,0.128146116,0.134129358,0.139964843,0.112200994,0.141301971,0.140425014,0.140163916,0.111924471,0.139351012,0.137258808,0.137527096,0.100995264,0.137956905,0.136697241,0.135479057,0.094037252
0.455294,9.65E-05,0.082569915,0.100428278,0.111570869,0.120581991,0.126228592,0.131688858,0.106210239,0.133431315,0.132518266,0.132319585,0.105930365,0.131548437,0.129506207,0.129762513,0.0955184,0.130162345,0.128930739,0.12783635,0.088908584
0.482411,9.09E-05,0.07778249,0.094495369,0.104999093,0.11345044,0.118778068,0.123876625,0.100574594,0.126020923,0.12507515,0.124935929,0.100288309,0.124204522,0.122213567,0.122454128,0.090360361,0.122825043,0.12161916,0.120638583,0.084079081
0.511143,8.51E-05,0.073274864,0.088904891,0.098802621,0.106727203,0.111752594,0.116507317,0.095278177,0.119045277,0.118069994,0.117987665,0.094980057,0.117293957,0.115354831,0.115577078,0.085505064,0.115920011,0.114736939,0.113860462,0.079534611
0.541587,7.92E-05,0.069031209,0.083637707,0.092960949,0.1003896,0.105128564,0.109558421,0.090304651,0.11248017,0.111477815,0.111451066,0.089986162,0.110793014,0.108906,0.109107443,0.080936865,0.109423241,0.108259998,0.107478331,0.075259857
0.573844,7.52E-05,0.065051989,0.078692278,0.087471036,0.094433453,0.098901168,0.103025004,0.085659686,0.106324649,0.105298163,0.105327348,0.085315311,0.104702868,0.102866001,0.103045749,0.076663561,0.103335083,0.102187015,0.101492159,0.071263286
0.608022,6.91E-05,0.061289104,0.074016916,0.082279448,0.088802595,0.093013062,0.096849007,0.08128077,0.100486759,0.099461619,0.099546792,0.080902053,0.098953913,0.097167252,0.097324144,0.072624052,0.097587709,0.096451601,0.095834203,0.067486649
0.644236,6.61E-05,0.057775484,0.069639948,0.07741392,0.083524033,0.087490763,0.091056596,0.077215868,0.094655205,0.094006946,0.094151892,0.07679296,0.093588417,0.091847667,0.091982971,0.068866368,0.092221134,0.091090855,0.090544137,0.063978026
0.682607,6.24E-05,0.054463828,0.065512824,0.072824067,0.078545165,0.082280627,0.085593157,0.073404943,0.088963764,0.088866155,0.08907704,0.072926034,0.088540877,0.086842853,0.08695827,0.06533232,0.087171231,0.086042176,0.085558074,0.060681158
0.723263,5.90E-05,0.051350515,0.061628606,0.068501871,0.073856717,0.07737285,0.080448067,0.069845479,0.083594239,0.084015514,0.084314682,0.069298981,0.083803682,0.082142644,0.08224234,0.062020306,0.082429856,0.08129668,0.080868073,0.057596283
0.766341,5.48E-05,0.048415098,0.05796535,0.064423995,0.069434004,0.072741995,0.07559516,0.066512435,0.078527028,0.079215748,0.0798341,0.065885211,0.079346771,0.077715218,0.077806127,0.058907441,0.077967304,0.076825569,0.076445358,0.054702435
0.811984,5.22E-05,0.045666973,0.054529534,0.060596285,0.065281685,0.068392331,0.071037994,0.063423683,0.073767007,0.074416854,0.075077303,0.062702621,0.075179946,0.073564086,0.073659981,0.056012257,0.073792294,0.072637106,0.072300232,0.05201721
0.860346,4.91E-05,0.043077202,0.051290353,0.056986287,0.061366206,0.064289576,0.066741522,0.060538805,0.069278848,0.069869542,0.070487467,0.059711305,0.071059635,0.069639116,0.069759735,0.05329852,0.069858099,0.068689099,0.068390995,0.049506575
0.911589,4.58E-05,0.040640127,0.048239833,0.053585182,0.057677617,0.060423376,0.062694662,0.057851869,0.065051519,0.065585918,0.066166365,0.056907013,0.066696642,0.065913713,0.066089696,0.050763785,0.066143065,0.064968859,0.064706827,0.04716899
0.965883,4.24E-05,0.038347075,0.045367256,0.050381388,0.054203258,0.056780595,0.05888365,0.055352042,0.061071141,0.061554878,0.062100192,0.05428073,0.062591836,0.062337181,0.062617076,0.048401926,0.062602566,0.061458206,0.061231612,0.044997027
1.02341,4.02E-05,0.036200701,0.042672713,0.047374032,0.050941488,0.053359284,0.055305843,0.053044608,0.057335104,0.057774452,0.058286342,0.051842961,0.058744222,0.058717461,0.058993228,0.046224577,0.059125279,0.058149865,0.05796109,0.043002295
1.08437,3.72E-05,0.034175086,0.040129519,0.044535257,0.047863562,0.050130215,0.051931354,0.050889754,0.053813037,0.054214084,0.054693544,0.049560327,0.055122445,0.055117525,0.0553567,0.044201641,0.055503204,0.054990048,0.05484749,0.041153706
1.14895,3.58E-05,0.032284414,0.037749231,0.041876236,0.04497963,0.047103248,0.048769473,0.048909239,0.050514196,0.050882523,0.051330252,0.04746416,0.051733622,0.051738607,0.051960809,0.04236518,0.052105005,0.051936468,0.051878156,0.039479943
1.21738,3.31E-05,0.030494599,0.035497127,0.03936111,0.042253105,0.044241412,0.045782562,0.046401531,0.04740018,0.047740384,0.04815646,0.045506039,0.048534761,0.048551028,0.048757863,0.040670774,0.048900742,0.048823991,0.048886244,0.037934603
1.28989,3.10E-05,0.028816064,0.033381521,0.036997635,0.039690995,0.041551434,0.042976793,0.043580362,0.04447691,0.044792592,0.0451776,0.043711707,0.045529995,0.045561514,0.04574308,0.039145709,0.045870496,0.045827507,0.045920758,0.036538837
1.36672,2.86E-05,0.027234702,0.031387089,0.03476979,0.037276562,0.039016259,0.040334513,0.040920157,0.041726146,0.04201995,0.042375497,0.042061348,0.042702716,0.042751847,0.042900055,0.037775487,0.043013141,0.043001783,0.04310287,0.03526997
1.44812,2.71E-05,0.025754639,0.029516315,0.032679425,0.035010952,0.036636755,0.037855992,0.038421923,0.03914775,0.039421834,0.039750668,0.039847161,0.040056026,0.040122352,0.040238875,0.036575182,0.040344261,0.04035351,0.040425228,0.034131885
1.53437,2.52E-05,0.024358151,0.027750701,0.030707442,0.032874462,0.034392942,0.035520693,0.036065483,0.036720497,0.036976953,0.037281834,0.037377285,0.037569489,0.037648676,0.037741615,0.035513673,0.037843765,0.037868012,0.037916197,0.033083662
1.62576,2.37E-05,0.023046402,0.026090167,0.0288533,0.03086585,0.032283289,0.033326527,0.033849195,0.034441648,0.034682696,0.034965388,0.03506192,0.035238134,0.035318252,0.035402813,0.034570691,0.03550601,0.035521457,0.035571047,0.032114002
1.72259,2.22E-05,0.02181223,0.024526219,0.027107944,0.028975551,0.030297942,0.03126311,0.031763015,0.03230003,0.032527688,0.03278867,0.032884581,0.033046154,0.033114288,0.03320283,0.033212427,0.033307925,0.033323626,0.033367395,0.031199702
1.82518,2.09E-05,0.020652439,0.023054989,0.025467101,0.027198672,0.028431734,0.029324737,0.029801561,0.030289279,0.030504855,0.030744633,0.030835617,0.030985101,0.031043455,0.031130372,0.031162249,0.031228672,0.031243858,0.031285059,0.030339418
1.93389,1.91E-05,0.019554113,0.02166246,0.02391638,0.025520372,0.026669623,0.027495887,0.027949525,0.028393361,0.028597315,0.028817883,0.028902099,0.029042076,0.029100156,0.029176482,0.029216182,0.029265893,0.029270529,0.029320218,0.029335869
2.04907,1.76E-05,0.018520454,0.020351882,0.02245857,0.023942892,0.025013537,0.025777986,0.026208536,0.026613355,0.026805949,0.027010356,0.027090132,0.027221539,0.027286999,0.027348626,0.02738117,0.027432155,0.027435499,0.027485283,0.027503759
2.17112,1.65E-05,0.017550887,0.019121359,0.021091445,0.022463418,0.023460386,0.024167489,0.02457515,0.024945183,0.02512723,0.025317342,0.025396585,0.025518045,0.025580656,0.025640944,0.025661439,0.025722365,0.025735745,0.025776664,0.025785723
2.30043,1.56E-05,0.016637301,0.017962131,0.019805888,0.021072439,0.022000406,0.022654247,0.023039331,0.023378006,0.023550722,0.023726197,0.023805884,0.023915241,0.023977837,0.024032151,0.024047718,0.024110863,0.024131452,0.02416581,0.024160362
2.43744,1.42E-05,0.015766148,0.016860692,0.018588105,0.019755854,0.02061937,0.021223691,0.021586678,0.021896842,0.022060948,0.022221462,0.022297557,0.02239688,0.022449099,0.022504231,0.022528051,0.022575567,0.022598023,0.022624417,0.022620166
2.58262,1.34E-05,0.014951088,0.015829765,0.017450431,0.018525262,0.019328489,0.01988661,0.020228101,0.020512468,0.020667827,0.020815466,0.02088527,0.020979153,0.021027928,0.021078906,0.021114036,0.021144705,0.021155375,0.021189625,0.021195004
2.73644,1.21E-05,0.014171991,0.01484907,0.016372333,0.017359986,0.018107047,0.018622081,0.018942667,0.019203825,0.019350158,0.019487592,0.019553792,0.019642616,0.019693421,0.019738058,0.019772237,0.019801363,0.019805189,0.019844989,0.019853983
2.89942,1.10E-05,0.013436223,0.013925813,0.015360614,0.016266234,0.016960926,0.017435655,0.017735916,0.017975888,0.018113778,0.01824103,0.018307169,0.018387012,0.018432097,0.018477549,0.018498848,0.018538195,0.018549338,0.018580778,0.018588537
3.07211,1.02E-05,0.012745069,0.013061105,0.014415904,0.015244234,0.015890106,0.016326999,0.016607672,0.01682792,0.0169583,0.017074167,0.017138311,0.017208935,0.017251814,0.017291548,0.017311272,0.01734621,0.017363354,0.01738425,0.017387008
3.25509,9.61E-06,0.012091983,0.012247967,0.013530882,0.014286315,0.014886792,0.015288147,0.015550151,0.015752273,0.01587505,0.01598129,0.016039792,0.016106575,0.01614309,0.016183145,0.016210056,0.016233414,0.01625069,0.016268065,0.016269084
3.44896,8.85E-06,0.011467336,0.011477199,0.012695995,0.013382638,0.013941054,0.014309048,0.014553174,0.014738946,0.014853549,0.014952898,0.015007522,0.015071529,0.015111788,0.015145154,0.015167815,0.015193962,0.015199715,0.015227666,0.015238043
3.65438,8.11E-06,0.010874144,0.010750779,0.011912689,0.012534269,0.013053726,0.013390299,0.013617218,0.013787741,0.013894811,0.01398625,0.014040596,0.014096573,0.014131897,0.014165074,0.014184745,0.014210748,0.014219288,0.01424258,0.014248278
3.87204,7.52E-06,0.010311945,0.010068854,0.011180635,0.011740472,0.012223921,0.012530804,0.012741553,0.012897543,0.012998168,0.013080624,0.013132167,0.013181601,0.013212515,0.013243473,0.013259347,0.013284332,0.013296067,0.013312723,0.013322001
4.10266,6.83E-06,0.009775629,0.009425796,0.010493703,0.010994883,0.011445194,0.011724086,0.011919773,0.012062625,0.012156415,0.012232855,0.012278811,0.012327729,0.012355896,0.012386433,0.012404534,0.01242535,0.012438771,0.012452378,0.012452114
4.34701,6.31E-06,0.00926844,0.008824496,0.009854164,0.010299462,0.010719181,0.010971674,0.011152883,0.011283749,0.011370216,0.01144152,0.011485793,0.011530138,0.011559056,0.01158542,0.011603679,0.011622282,0.011628943,0.011647978,0.011656299
4.60592,5.69E-06,0.008781151,0.008254445,0.009251142,0.009643144,0.010034895,0.010262386,0.010430121,0.010549223,0.010630107,0.010693735,0.010736944,0.010774229,0.010801232,0.010823899,0.01083676,0.010856833,0.010866655,0.010879811,0.010883881
4.88025,5.24E-06,0.008321368,0.007723914,0.008692106,0.009033185,0.00939925,0.009603173,0.009758847,0.009867113,0.009942451,0.010000686,0.010039001,0.010075522,0.010096333,0.010121782,0.010137991,0.010152378,0.010158224,0.010173553,0.010176037
5.17092,4.76E-06,0.007882216,0.007226163,0.008169973,0.008462297,0.008804835,0.008986568,0.009130668,0.009229337,0.009298063,0.009352865,0.009388313,0.009422878,0.009445906,0.009466779,0.009479481,0.009496206,0.009502247,0.009516812,0.009520629
5.4789,4.23E-06,0.007460747,0.006756645,0.00767975,0.007925469,0.008246452,0.008407201,0.008540739,0.008629526,0.008693578,0.008741606,0.008777004,0.008804218,0.008825433,0.008842792,0.008853086,0.008868279,0.008876072,0.008886008,0.008889865
5.80523,3.90E-06,0.007063834,0.006322066,0.00722723,0.007428448,0.007729866,0.007870802,0.007995504,0.008075298,0.008134967,0.008179021,0.008209348,0.008237801,0.008254637,0.008274513,0.008286846,0.008299016,0.008304385,0.008316103,0.008321994
6.15099,3.56E-06,0.006685246,0.005915282,0.00680498,0.006963839,0.007247277,0.007369585,0.007485352,0.007557178,0.007610747,0.007651941,0.007680582,0.007705526,0.007722896,0.007738819,0.00774812,0.007760911,0.007767553,0.007776235,0.007776879
6.51734,3.21E-06,0.006324083,0.005534607,0.006410806,0.006529529,0.006796535,0.006901193,0.007009623,0.007072788,0.007123465,0.007158586,0.007185667,0.007206853,0.007223131,0.007236806,0.00724423,0.007256755,0.007262034,0.007270708,0.007271626
6.90551,3.06E-06,0.005986133,0.005184851,0.006048283,0.006129304,0.006381651,0.006469759,0.006571962,0.006627891,0.00667411,0.006707362,0.006730596,0.006752579,0.006765427,0.006780801,0.006789828,0.006799546,0.00680158,0.006812526,0.006814158
7.31681,2.90E-06,0.005663809,0.004858352,0.005709686,0.005755549,0.005994129,0.006066723,0.006161977,0.006210825,0.006253283,0.006281999,0.006304549,0.006321916,0.006333625,0.00634665,0.006354735,0.006363087,0.006365166,0.00637455,0.006377834
7.7526,2.75E-06,0.005356884,0.004553474,0.005392903,0.005406414,0.005633154,0.00569114,0.005781854,0.005823727,0.005863695,0.00588942,0.005910263,0.005926529,0.005936911,0.00594971,0.005954741,0.005965146,0.005968117,0.005975894,0.00597667
8.21434,2.62E-06,0.005061199,0.004265088,0.005093227,0.005076933,0.005292626,0.005337265,0.005422471,0.005458326,0.005494227,0.005517694,0.005536077,0.005550751,0.005561593,0.005571205,0.005575193,0.005584732,0.005589526,0.005594098,0.005593392
8.70359,2.53E-06,0.004783061,0.003997893,0.00481415,0.004771235,0.004977675,0.005009473,0.005090612,0.005119873,0.005153601,0.005173921,0.005190908,0.005203891,0.005214306,0.005222531,0.005226213,0.005234967,0.005237625,0.005243634,0.005243304
9.22198,2.41E-06,0.004515563,0.003744895,0.004550137,0.004482962,0.004681603,0.004701754,0.004779049,0.00480292,0.004834539,0.004852798,0.004867725,0.004880333,0.004889399,0.004897392,0.004901691,0.004908728,0.004909452,0.004916564,0.004916646
9.77124,2.23E-06,0.004253893,0.003499976,0.004295199,0.004206525,0.004398054,0.004407391,0.00448047,0.004498393,0.004528307,0.004542852,0.004556059,0.00456689,0.004575202,0.004581569,0.004586263,0.004591327,0.004592173,0.004598103,0.00460057
11.6232,1.63E-06,0.00353331,0.002832311,0.003598619,0.003463787,0.003640718,0.003623346,0.003688079,0.003691701,0.003719379,0.003725776,0.003738665,0.003744079,0.003750708,0.003755088,0.003758835,0.003762278,0.003764723,0.003767331,0.003769333
12.3155,1.47E-06,0.003318459,0.002635149,0.003390468,0.003246511,0.003419467,0.003394971,0.003457499,0.003457204,0.003483521,0.003487733,0.003500113,0.003504341,0.003510528,0.003514166,0.003517468,0.003520575,0.003522536,0.003525005,0.003526611
13.049,1.29E-06,0.003111192,0.002444364,0.003188754,0.003038361,0.003208029,0.003177275,0.003237858,0.003234051,0.003259077,0.003261262,0.00327319,0.003276289,0.003282226,0.003285122,0.003288071,0.00329082,0.003292399,0.003294729,0.003295953
13.8262,1.14E-06,0.002915145,0.002264065,0.002996598,0.002842211,0.003008858,0.002972999,0.003031802,0.003024808,0.003048659,0.003049073,0.00306055,0.00306255,0.003068341,0.003070564,0.003073272,0.003075614,0.003076898,0.00307909,0.00308003
14.6497,1.07E-06,0.002740628,0.002107781,0.002823202,0.002667425,0.002830657,0.002790871,0.002847814,0.002837991,0.002860794,0.002859695,0.002870738,0.002871683,0.002877351,0.002878927,0.00288149,0.002883439,0.002884479,0.002886511,0.002887227
15.5223,8.87E-07,0.002556624,0.001936004,0.002640678,0.002484163,0.002645511,0.002602665,0.002658227,0.002645763,0.00266766,0.002665305,0.002675831,0.002675922,0.00268153,0.002682412,0.002684967,0.002686538,0.002687475,0.00268925,0.002689759
16.4468,7.90E-07,0.002394356,0.001788278,0.002477923,0.002322304,0.002480975,0.002436222,0.002490308,0.002475619,0.002496691,0.002493253,0.002503342,0.00250267,0.002507918,0.002508384,0.002510917,0.002512164,0.002513137,0.002514596,0.00251491
17.4263,7.00E-07,0.002240101,0.001647533,0.002322292,0.002168312,0.002324491,0.002278679,0.00233139,0.002314897,0.002335261,0.002330839,0.002340547,0.002339205,0.002344018,0.002344193,0.002346655,0.002347598,0.002348732,0.002349825,0.002349993
18.4642,6.03E-07,0.00209109,0.001510579,0.002171221,0.002019184,0.002173376,0.002127095,0.002178608,0.002160744,0.002180563,0.002175183,0.002184544,0.002182616,0.002187076,0.002186978,0.002189337,0.002189953,0.002191323,0.002191998,0.002192107
19.564,5.25E-07,0.00195356,0.001385589,0.002031107,0.001881204,0.002033281,0.001987006,0.002037247,0.002018548,0.002037896,0.002031639,0.00204067,0.002038223,0.002042412,0.002042078,0.002044349,0.002044605,0.00204618,0.002046436,0.002046549
20.7292,4.66E-07,0.001826297,0.001271723,0.001900444,0.001753105,0.001902842,0.001856923,0.001905847,0.001886784,0.001905717,0.001898694,0.001907413,0.001904511,0.001908459,0.001907929,0.001910219,0.001910058,0.001911867,0.00191164,0.001911809
21.9639,3.99E-07,0.001701227,0.001158438,0.001772719,0.001627397,0.001775598,0.001730132,0.001777897,0.001758809,0.001777432,0.001769757,0.001778173,0.001774871,0.001778661,0.00177789,0.001780333,0.001779683,0.001781456,0.001780997,0.001781305
23.272,3.41E-07,0.001583871,0.001051835,0.001652365,0.001508424,0.001655595,0.001610495,0.001657289,0.001638333,0.001656863,0.001648513,0.001656773,0.001653007,0.001656827,0.001655615,0.001658282,0.001657145,0.001658672,0.0016582,0.001658835
24.6581,3.05E-07,0.001480474,0.000961666,0.001545086,0.00140359,0.001548749,0.001504213,0.001549795,0.001531216,0.001549603,0.001540707,0.001548816,0.001544647,0.001548673,0.00154681,0.001549099,0.001548093,0.001549546,0.001548914,0.001550052
26.1268,2.46E-07,0.00137068,0.000862593,0.001432852,0.001291785,0.00143688,0.001392407,0.001437425,0.001419229,0.001437735,0.001428293,0.001436231,0.001431784,0.00143617,0.001433497,0.001435455,0.001434515,0.001436224,0.001435118,0.0014369
27.6829,2.22E-07,0.001278981,0.000784286,0.001338177,0.00119857,0.001342105,0.001298048,0.001342446,0.001324412,0.001343077,0.001333083,0.00134115,0.001336218,0.001340981,0.001337541,0.001339626,0.001338272,0.001340252,0.001338683,0.00134063
29.3317,2.04E-07,0.001194619,0.000714466,0.001250851,0.001113302,0.001254629,0.00121116,0.001254566,0.001237071,0.001255738,0.001245412,0.001253079,0.00124829,0.001253396,0.001249333,0.001251547,0.001249838,0.001252265,0.001250129,0.001251787
31.0787,1.67E-07,0.001105096,0.000636662,0.001158842,0.001020885,0.001162368,0.001118522,0.001162457,0.001144691,0.001163844,0.001153101,0.001160803,0.001155929,0.001161292,0.001156815,0.001159396,0.001157126,0.001159698,0.001157342,0.001158536
32.9297,1.44E-07,0.001027398,0.000573249,0.001078429,0.000941946,0.00108229,0.00103835,0.001082651,0.001064509,0.001083372,0.001073001,0.001080556,0.001075894,0.001081443,0.001076711,0.00107963,0.001076881,0.001079463,0.001077018,0.001077724
34.891,1.13E-07,0.000942856,0.000502365,0.000991906,0.000855025,0.000996384,0.000951435,0.000996897,0.00097817,0.000997114,0.000987063,0.000993191,0.000990153,0.000995914,0.000991,0.00099425,0.000991078,0.000993745,0.000991172,0.000991048
36.9691,1.08E-07,0.000883269,0.000457738,0.000928499,0.000794485,0.000932993,0.000888484,0.000933509,0.000914837,0.000933771,0.000923671,0.000927527,0.000926799,0.00093285,0.000927642,0.000930902,0.00092768,0.000930731,0.000927769,0.000926433
39.171,8.89E-08,0.000813368,0.000403162,0.000855593,0.000723118,0.000861337,0.000816136,0.000861933,0.000842758,0.000861741,0.000851884,0.000854932,0.000855214,0.00086158,0.000856113,0.000859564,0.00085611,0.000859525,0.000856197,0.000854264
41.504,7.21E-08,0.000748206,0.000353318,0.000787449,0.000655997,0.000793507,0.000747625,0.000794172,0.000774473,0.000793964,0.000783855,0.000787039,0.000787355,0.000794153,0.000788221,0.000791622,0.000788242,0.000792362,0.000788364,0.000786449
43.976,5.89E-08,0.000688574,0.000310115,0.000725919,0.000595328,0.000731787,0.0006854,0.000732465,0.00071239,0.00073232,0.000721955,0.000726021,0.000725563,0.000732791,0.000726417,0.000729831,0.000726452,0.000731284,0.000726656,0.000725184
46.5953,5.50E-08,0.000640032,0.000277991,0.000674236,0.000547314,0.000680986,0.000634736,0.00068143,0.00066129,0.000681426,0.000670861,0.000675684,0.00067464,0.000681812,0.000675609,0.000679088,0.000675643,0.000680986,0.000675876,0.000674729
49.3705,4.75E-08,0.000592282,0.000246562,0.000624182,0.000499838,0.000630537,0.000584872,0.000631368,0.000611142,0.000631474,0.000620744,0.000626716,0.000624674,0.000631773,0.000625904,0.000629477,0.000625997,0.000631437,0.000626214,0.000625318
52.311,4.05E-08,0.000545497,0.000216095,0.000575573,0.000453279,0.000580959,0.000536553,0.000577893,0.000561951,0.000581368,0.000570631,0.00057674,0.000574268,0.000581889,0.000576073,0.000582382,0.000577258,0.00058189,0.000578105,0.000579838
55.4266,3.47E-08,0.000502843,0.000189462,0.000530187,0.000410517,0.000532875,0.000491627,0.000526361,0.000516456,0.000533227,0.000524084,0.000533687,0.000527134,0.00053426,0.000528843,0.000530885,0.000529761,0.000534273,0.000530312,0.000533708
58.7279,2.90E-08,0.000456489,0.000161863,0.000481654,0.000365102,0.000487585,0.000443216,0.000488761,0.000468162,0.000488443,0.00047694,0.000483742,0.000480748,0.000489624,0.000482754,0.000489062,0.000484175,0.000489138,0.000485051,0.000486635
62.2257,2.35E-08,0.000417964,0.0001383,0.000443652,0.000324643,0.000446014,0.000400766,0.000440064,0.000426683,0.000446753,0.000435622,0.000446419,0.000438742,0.000446137,0.000440319,0.00044156,0.000441239,0.000447024,0.000441842,0.000447214
65.9319,2.03E-08,0.000384475,0.000122201,0.000406103,0.000294774,0.000410657,0.000366844,0.000411742,0.000391463,0.000411514,0.000400898,0.000410894,0.000404988,0.000412418,0.000406549,0.000412736,0.000407055,0.000412263,0.000407607,0.000407015
69.8588,1.57E-08,0.000345849,0.000102099,0.000369342,0.000257411,0.000372569,0.000326345,0.000372455,0.000351097,0.00037386,0.000361044,0.000374056,0.000365403,0.000374293,0.000367031,0.000370912,0.000367372,0.000371846,0.000367193,0.000365743
74.0196,1.26E-08,0.000309175,8.61E-05,0.00033042,0.00022564,0.00033499,0.000290319,0.000335436,0.000313496,0.000335723,0.000322557,0.00033242,0.000326709,0.000335719,0.000328792,0.000333339,0.000330103,0.000336337,0.000331013,0.000333975
78.4282,1.00E-08,0.000281152,7.26E-05,0.000300049,0.000198113,0.000303885,0.000259598,0.000302669,0.000282541,0.000304986,0.00029209,0.000304976,0.000296852,0.000305108,0.000299275,0.000304603,0.000300411,0.000304867,0.000300968,0.000299828
83.0994,9.88E-09,0.000262777,6.51E-05,0.000279546,0.000181526,0.000282514,0.000240716,0.000283192,0.000263158,0.00028264,0.000272256,0.000282448,0.000276532,0.000282891,0.000278635,0.000281487,0.000279679,0.000283232,0.00028019,0.000282474
88.0488,6.99E-09,0.000232229,5.23E-05,0.000247107,0.0001534,0.000249462,0.000208914,0.000248534,0.000230915,0.000249435,0.000239755,0.000248941,0.00024364,0.000249103,0.000245393,0.000248302,0.000246217,0.000248282,0.000246684,0.000248269
93.293,6.68E-09,0.000212759,4.62E-05,0.000227306,0.000138301,0.000230122,0.000189722,0.000231114,0.000210121,0.000231509,0.000218564,0.000230717,0.000222669,0.00023157,0.000224794,0.000231347,0.000225992,0.000230997,0.000226798,0.000225744
98.8496,5.70E-09,0.00019322,3.93E-05,0.00020625,0.000121743,0.000208856,0.000170104,0.000209645,0.000189854,0.000209544,0.000198232,0.000209666,0.000202459,0.000209075,0.00020479,0.000208826,0.000206029,0.000209931,0.000206615,0.000210028
104.737,3.99E-09,0.000170552,3.17E-05,0.000182082,0.000102805,0.000184924,0.000147557,0.000185545,0.000166526,0.000185881,0.000174574,0.000185021,0.000178621,0.000185522,0.000180918,0.000185903,0.000182257,0.000186157,0.000183057,0.00018602
110.975,3.70E-09,0.000153049,2.67E-05,0.000163838,8.92E-05,0.000166512,0.000129964,0.000166312,0.00014766,0.00016756,0.000155417,0.000167685,0.000159461,0.000167883,0.000161913,0.000168013,0.000163425,0.000167787,0.000164354,0.000166203
117.585,2.95E-09,0.000139585,2.29E-05,0.000149301,7.88E-05,0.000151424,0.000117216,0.00015183,0.000134276,0.000151696,0.000141556,0.000151649,0.0001452,0.00015211,0.000147348,0.000151797,0.000148655,0.000152353,0.000149439,0.000152498
124.588,2.33E-09,0.000120747,1.83E-05,0.000129729,6.54E-05,0.000132358,9.95E-05,0.000133272,0.000115207,0.000133382,0.000122117,0.000132101,0.000125639,0.000133459,0.000127771,0.000133242,0.000129153,0.000134137,0.000130076,0.000134034
132.009,2.04E-09,0.000110999,1.55E-05,0.000118178,5.73E-05,0.000119913,8.93E-05,0.000119878,0.000104625,0.000119968,0.000111292,0.00011968,0.000114476,0.000119956,0.000116239,0.000119341,0.00011725,0.000119905,0.00011784,0.000120253
139.871,1.58E-09,9.80E-05,1.27E-05,0.000104818,4.84E-05,0.000106779,7.68E-05,0.000107028,9.08E-05,0.000107338,9.73E-05,0.000107276,0.000100592,0.000107544,0.000102604,0.000107786,0.000103899,0.000107694,0.000104714,0.000106945
148.202,1.38E-09,8.78E-05,1.07E-05,9.42E-05,4.18E-05,9.58E-05,6.77E-05,9.64E-05,8.08E-05,9.67E-05,8.68E-05,9.59E-05,8.99E-05,9.65E-05,9.18E-05,9.70E-05,9.31E-05,9.68E-05,9.38E-05,9.69E-05
157.029,1.02E-09,7.63E-05,8.18E-06,8.10E-05,3.34E-05,8.20E-05,5.62E-05,8.24E-05,6.86E-05,8.25E-05,7.44E-05,8.19E-05,7.72E-05,8.23E-05,7.88E-05,8.21E-05,7.98E-05,8.25E-05,8.04E-05,8.24E-05
166.382,8.96E-10,6.84E-05,7.08E-06,7.35E-05,2.94E-05,7.44E-05,4.99E-05,7.46E-05,6.11E-05,7.52E-05,6.66E-05,7.47E-05,6.93E-05,7.53E-05,7.09E-05,7.51E-05,7.19E-05,7.55E-05,7.26E-05,7.54E-05
176.291,7.34E-10,6.12E-05,5.86E-06,6.53E-05,2.50E-05,6.66E-05,4.33E-05,6.69E-05,5.37E-05,6.75E-05,5.88E-05,6.74E-05,6.14E-05,6.75E-05,6.29E-05,6.73E-05,6.39E-05,6.70E-05,6.46E-05,6.59E-05
186.791,5.81E-10,5.32E-05,4.67E-06,5.70E-05,2.05E-05,5.81E-05,3.65E-05,5.85E-05,4.60E-05,5.87E-05,5.07E-05,5.85E-05,5.31E-05,5.90E-05,5.45E-05,5.91E-05,5.55E-05,5.89E-05,5.61E-05,5.82E-05
197.917,4.55E-10,4.74E-05,3.79E-06,5.05E-05,1.72E-05,5.13E-05,3.14E-05,5.15E-05,4.02E-05,5.16E-05,4.47E-05,5.16E-05,4.71E-05,5.15E-05,4.84E-05,5.13E-05,4.93E-05,5.17E-05,4.99E-05,5.17E-05
209.705,3.55E-10,4.16E-05,3.09E-06,4.40E-05,1.44E-05,4.49E-05,2.69E-05,4.47E-05,3.49E-05,4.54E-05,3.90E-05,4.53E-05,4.11E-05,4.54E-05,4.22E-05,4.54E-05,4.30E-05,4.55E-05,4.35E-05,4.52E-05
222.195,2.63E-10,3.53E-05,2.36E-06,3.77E-05,1.13E-05,3.85E-05,2.18E-05,3.87E-05,2.89E-05,3.86E-05,3.28E-05,3.84E-05,3.47E-05,3.87E-05,3.58E-05,3.86E-05,3.65E-05,3.87E-05,3.70E-05,3.87E-05
235.429,2.43E-10,3.10E-05,1.94E-06,3.34E-05,9.48E-06,3.39E-05,1.86E-05,3.42E-05,2.50E-05,3.43E-05,2.85E-05,3.44E-05,3.03E-05,3.45E-05,3.14E-05,3.45E-05,3.21E-05,3.45E-05,3.26E-05,3.43E-05
249.451,1.88E-10,2.67E-05,1.51E-06,2.86E-05,7.57E-06,2.91E-05,1.53E-05,2.94E-05,2.08E-05,2.94E-05,2.39E-05,2.89E-05,2.56E-05,2.96E-05,2.66E-05,2.96E-05,2.72E-05,2.97E-05,2.76E-05,2.97E-05
264.308,1.43E-10,2.29E-05,1.19E-06,2.48E-05,6.10E-06,2.53E-05,1.26E-05,2.56E-05,1.75E-05,2.58E-05,2.04E-05,2.59E-05,2.19E-05,2.59E-05,2.29E-05,2.59E-05,2.35E-05,2.59E-05,2.39E-05,2.57E-05
280.05,1.15E-10,2.05E-05,9.60E-07,2.18E-05,5.05E-06,2.23E-05,1.07E-05,2.25E-05,1.51E-05,2.25E-05,1.78E-05,2.25E-05,1.93E-05,2.26E-05,2.01E-05,2.25E-05,2.07E-05,2.27E-05,2.10E-05,2.25E-05
296.73,8.74E-11,1.74E-05,7.40E-07,1.86E-05,3.99E-06,1.90E-05,8.69E-06,1.91E-05,1.26E-05,1.92E-05,1.50E-05,1.92E-05,1.63E-05,1.93E-05,1.71E-05,1.92E-05,1.76E-05,1.93E-05,1.79E-05,1.92E-05
314.404,5.76E-11,1.49E-05,5.75E-07,1.61E-05,3.15E-06,1.65E-05,7.00E-06,1.66E-05,1.03E-05,1.68E-05,1.24E-05,1.69E-05,1.37E-05,1.69E-05,1.44E-05,1.69E-05,1.49E-05,1.69E-05,1.52E-05,1.68E-05
333.129,5.11E-11,1.28E-05,4.32E-07,1.37E-05,2.44E-06,1.40E-05,5.60E-06,1.41E-05,8.48E-06,1.41E-05,1.04E-05,1.41E-05,1.16E-05,1.42E-05,1.23E-05,1.42E-05,1.27E-05,1.43E-05,1.30E-05,1.42E-05
352.971,3.85E-11,1.13E-05,3.59E-07,1.22E-05,2.05E-06,1.25E-05,4.74E-06,1.26E-05,7.23E-06,1.28E-05,8.96E-06,1.28E-05,1.00E-05,1.28E-05,1.07E-05,1.28E-05,1.11E-05,1.28E-05,1.13E-05,1.26E-05
373.994,3.45E-11,9.68E-06,2.80E-07,1.04E-05,1.63E-06,1.07E-05,3.89E-06,1.08E-05,6.07E-06,1.08E-05,7.62E-06,1.09E-05,8.59E-06,1.09E-05,9.16E-06,1.09E-05,9.51E-06,1.09E-05,9.75E-06,1.08E-05
396.269,2.61E-11,8.52E-06,2.22E-07,9.11E-06,1.32E-06,9.31E-06,3.19E-06,9.43E-06,5.07E-06,9.45E-06,6.46E-06,9.45E-06,7.35E-06,9.51E-06,7.89E-06,9.49E-06,8.23E-06,9.47E-06,8.46E-06,9.48E-06
419.871,2.23E-11,7.40E-06,1.80E-07,8.01E-06,1.08E-06,8.23E-06,2.66E-06,8.26E-06,4.27E-06,8.33E-06,5.50E-06,8.37E-06,6.30E-06,8.41E-06,6.79E-06,8.42E-06,7.10E-06,8.39E-06,7.30E-06,8.38E-06
444.878,1.51E-11,6.25E-06,1.34E-07,6.75E-06,8.23E-07,6.91E-06,2.08E-06,6.96E-06,3.44E-06,6.98E-06,4.51E-06,6.94E-06,5.22E-06,6.97E-06,5.67E-06,7.00E-06,5.96E-06,7.00E-06,6.14E-06,7.01E-06
471.375,1.18E-11,5.47E-06,1.06E-07,5.84E-06,6.59E-07,5.99E-06,1.70E-06,6.03E-06,2.86E-06,6.05E-06,3.81E-06,6.08E-06,4.46E-06,6.07E-06,4.88E-06,6.06E-06,5.15E-06,6.09E-06,5.32E-06,6.06E-06
499.451,9.75E-12,4.45E-06,7.99E-08,4.81E-06,5.04E-07,4.90E-06,1.32E-06,4.96E-06,2.27E-06,5.02E-06,3.06E-06,5.01E-06,3.61E-06,5.02E-06,3.97E-06,4.99E-06,4.20E-06,5.04E-06,4.35E-06,5.01E-06
529.198,6.56E-12,3.63E-06,5.60E-08,3.91E-06,3.58E-07,4.04E-06,9.65E-07,4.08E-06,1.69E-06,4.09E-06,2.34E-06,4.13E-06,2.81E-06,4.18E-06,3.13E-06,4.10E-06,3.34E-06,4.14E-06,3.48E-06,4.09E-06
560.717,4.87E-12,2.94E-06,4.13E-08,3.21E-06,2.68E-07,3.32E-06,7.37E-07,3.37E-06,1.32E-06,3.39E-06,1.85E-06,3.35E-06,2.25E-06,3.47E-06,2.52E-06,3.45E-06,2.70E-06,3.49E-06,2.83E-06,3.49E-06
594.113,3.90E-12,2.79E-06,3.49E-08,3.01E-06,2.29E-07,3.07E-06,6.40E-07,3.10E-06,1.16E-06,3.12E-06,1.65E-06,3.13E-06,2.03E-06,3.14E-06,2.30E-06,3.13E-06,2.48E-06,3.15E-06,2.60E-06,3.15E-06
629.499,3.12E-12,2.39E-06,2.78E-08,2.55E-06,1.84E-07,2.63E-06,5.21E-07,2.66E-06,9.61E-07,2.67E-06,1.38E-06,2.70E-06,1.72E-06,2.69E-06,1.95E-06,2.71E-06,2.11E-06,2.71E-06,2.22E-06,2.71E-06
666.992,2.16E-12,1.97E-06,1.96E-08,2.16E-06,1.32E-07,2.21E-06,3.81E-07,2.26E-06,7.18E-07,2.27E-06,1.06E-06,2.28E-06,1.34E-06,2.29E-06,1.55E-06,2.30E-06,1.70E-06,2.30E-06,1.80E-06,2.30E-06
706.718,1.94E-12,1.79E-06,1.64E-08,1.91E-06,1.11E-07,1.97E-06,3.24E-07,1.98E-06,6.19E-07,1.99E-06,9.22E-07,2.01E-06,1.18E-06,2.02E-06,1.37E-06,2.02E-06,1.51E-06,2.01E-06,1.60E-06,2.02E-06
748.81,1.40E-12,1.48E-06,1.21E-08,1.58E-06,8.32E-08,1.63E-06,2.46E-07,1.65E-06,4.79E-07,1.66E-06,7.24E-07,1.68E-06,9.36E-07,1.68E-06,1.10E-06,1.68E-06,1.22E-06,1.68E-06,1.30E-06,1.67E-06
793.41,9.51E-13,1.23E-06,8.53E-09,1.33E-06,5.95E-08,1.37E-06,1.80E-07,1.39E-06,3.57E-07,1.40E-06,5.53E-07,1.41E-06,7.31E-07,1.41E-06,8.74E-07,1.41E-06,9.80E-07,1.42E-06,1.06E-06,1.40E-06
840.665,8.37E-13,1.09E-06,7.20E-09,1.19E-06,5.05E-08,1.23E-06,1.53E-07,1.25E-06,3.06E-07,1.26E-06,4.75E-07,1.27E-06,6.31E-07,1.28E-06,7.57E-07,1.29E-06,8.52E-07,1.28E-06,9.23E-07,1.29E-06
890.735,5.68E-13,9.07E-07,5.16E-09,9.91E-07,3.66E-08,1.02E-06,1.13E-07,1.04E-06,2.29E-07,1.05E-06,3.64E-07,1.06E-06,4.92E-07,1.06E-06,5.99E-07,1.05E-06,6.82E-07,1.07E-06,7.45E-07,1.07E-06
943.788,4.66E-13,8.09E-07,4.16E-09,8.64E-07,2.98E-08,8.97E-07,9.28E-08,9.08E-07,1.92E-07,9.18E-07,3.08E-07,9.20E-07,4.21E-07,9.25E-07,5.18E-07,9.17E-07,5.94E-07,9.25E-07,6.51E-07,9.20E-07
1000,2.99E-13,6.42E-07,2.89E-09,6.91E-07,2.07E-08,7.10E-07,6.54E-08,7.12E-07,1.38E-07,7.25E-07,2.26E-07,7.24E-07,3.15E-07,7.26E-07,3.94E-07,7.14E-07,4.57E-07,7.31E-07,5.06E-07,7.30E-07
1047.62,2.89E-13,6.05E-07,2.58E-09,6.64E-07,1.86E-08,6.77E-07,5.90E-08,6.86E-07,1.25E-07,6.91E-07,2.05E-07,6.95E-07,2.88E-07,7.04E-07,3.61E-07,7.01E-07,4.21E-07,7.06E-07,4.67E-07,7.02E-07
1097.5,1.90E-13,4.98E-07,1.84E-09,5.41E-07,1.34E-08,5.53E-07,4.29E-08,5.63E-07,9.22E-08,5.69E-07,1.55E-07,5.68E-07,2.21E-07,5.72E-07,2.82E-07,5.75E-07,3.33E-07,5.73E-07,3.74E-07,5.76E-07
1149.76,1.46E-13,3.91E-07,1.37E-09,4.42E-07,1.00E-08,4.47E-07,3.24E-08,4.53E-07,7.04E-08,4.61E-07,1.20E-07,4.62E-07,1.72E-07,4.70E-07,2.22E-07,4.64E-07,2.64E-07,4.70E-07,2.98E-07,4.61E-07
1204.5,1.55E-13,3.95E-07,1.31E-09,4.39E-07,9.60E-09,4.52E-07,3.11E-08,4.63E-07,6.77E-08,4.65E-07,1.15E-07,4.64E-07,1.66E-07,4.77E-07,2.14E-07,4.70E-07,2.56E-07,4.80E-07,2.89E-07,4.76E-07
1261.86,1.19E-13,3.48E-07,1.04E-09,3.76E-07,7.67E-09,3.95E-07,2.50E-08,3.99E-07,5.50E-08,3.96E-07,9.47E-08,4.04E-07,1.38E-07,4.03E-07,1.80E-07,3.98E-07,2.17E-07,3.96E-07,2.47E-07,4.03E-07
1321.94,8.39E-14,2.96E-07,7.79E-10,3.21E-07,5.77E-09,3.28E-07,1.91E-08,3.36E-07,4.24E-08,3.35E-07,7.40E-08,3.34E-07,1.10E-07,3.42E-07,1.45E-07,3.43E-07,1.76E-07,3.45E-07,2.03E-07,3.46E-07
1384.89,6.98E-14,2.49E-07,6.00E-10,2.74E-07,4.49E-09,2.80E-07,1.49E-08,2.85E-07,3.35E-08,2.88E-07,5.89E-08,2.86E-07,8.81E-08,2.96E-07,1.17E-07,2.95E-07,1.44E-07,2.95E-07,1.67E-07,2.91E-07
1450.83,5.64E-14,2.27E-07,5.13E-10,2.54E-07,3.85E-09,2.65E-07,1.29E-08,2.70E-07,2.91E-08,2.69E-07,5.15E-08,2.77E-07,7.75E-08,2.79E-07,1.04E-07,2.76E-07,1.28E-07,2.79E-07,1.49E-07,2.84E-07
1519.91,3.96E-14,1.93E-07,3.63E-10,2.13E-07,2.78E-09,2.21E-07,9.43E-09,2.24E-07,2.15E-08,2.28E-07,3.87E-08,2.30E-07,5.91E-08,2.31E-07,8.04E-08,2.31E-07,1.01E-07,2.32E-07,1.18E-07,2.32E-07
1592.28,3.46E-14,1.71E-07,3.18E-10,1.90E-07,2.45E-09,1.95E-07,8.32E-09,1.98E-07,1.90E-08,2.01E-07,3.43E-08,2.02E-07,5.25E-08,2.02E-07,7.15E-08,2.03E-07,8.95E-08,2.05E-07,1.05E-07,2.04E-07
1668.1,3.06E-14,1.59E-07,2.56E-10,1.74E-07,1.97E-09,1.81E-07,6.69E-09,1.85E-07,1.54E-08,1.85E-07,2.80E-08,1.88E-07,4.32E-08,1.91E-07,5.95E-08,1.89E-07,7.53E-08,1.90E-07,8.97E-08,1.92E-07
1747.53,2.09E-14,1.35E-07,1.99E-10,1.46E-07,1.56E-09,1.50E-07,5.36E-09,1.52E-07,1.25E-08,1.56E-07,2.28E-08,1.57E-07,3.56E-08,1.56E-07,4.93E-08,1.57E-07,6.27E-08,1.59E-07,7.48E-08,1.59E-07
1830.74,1.72E-14,1.14E-07,1.41E-10,1.26E-07,1.12E-09,1.30E-07,3.90E-09,1.33E-07,9.18E-09,1.35E-07,1.71E-08,1.37E-07,2.70E-08,1.38E-07,3.80E-08,1.38E-07,4.91E-08,1.39E-07,5.96E-08,1.39E-07
1917.91,1.55E-14,1.08E-07,1.29E-10,1.18E-07,1.02E-09,1.24E-07,3.54E-09,1.27E-07,8.33E-09,1.28E-07,1.55E-08,1.30E-07,2.46E-08,1.28E-07,3.48E-08,1.30E-07,4.50E-08,1.30E-07,5.47E-08,1.31E-07
2009.23,1.15E-14,9.22E-08,1.04E-10,1.01E-07,8.24E-10,1.04E-07,2.86E-09,1.06E-07,6.79E-09,1.07E-07,1.27E-08,1.06E-07,2.03E-08,1.06E-07,2.89E-08,1.09E-07,3.77E-08,1.09E-07,4.61E-08,1.08E-07
2104.9,9.53E-15,7.76E-08,8.21E-11,8.57E-08,6.53E-10,8.81E-08,2.28E-09,9.04E-08,5.43E-09,9.16E-08,1.02E-08,9.22E-08,1.65E-08,9.22E-08,2.35E-08,9.21E-08,3.09E-08,9.29E-08,3.79E-08,9.37E-08
2205.13,6.37E-15,6.51E-08,5.98E-11,7.29E-08,4.75E-10,7.47E-08,1.66E-09,7.63E-08,3.99E-09,7.53E-08,7.59E-09,7.68E-08,1.24E-08,7.74E-08,1.79E-08,7.69E-08,2.38E-08,7.85E-08,2.97E-08,7.77E-08
2310.13,5.79E-15,4.84E-08,4.55E-11,5.46E-08,3.61E-10,5.78E-08,1.26E-09,5.91E-08,3.02E-09,5.59E-08,5.75E-09,5.99E-08,9.37E-09,6.22E-08,1.36E-08,6.15E-08,1.82E-08,6.12E-08,2.27E-08,6.30E-08
2420.13,3.79E-15,4.63E-08,3.67E-11,5.18E-08,2.88E-10,5.25E-08,1.01E-09,5.27E-08,2.44E-09,5.37E-08,4.70E-09,5.48E-08,7.75E-09,5.42E-08,1.14E-08,5.43E-08,1.54E-08,5.38E-08,1.94E-08,5.46E-08
2535.36,3.37E-15,4.44E-08,3.26E-11,4.96E-08,2.56E-10,5.01E-08,9.03E-10,5.15E-08,2.19E-09,5.12E-08,4.23E-09,5.23E-08,6.99E-09,5.15E-08,1.03E-08,5.21E-08,1.40E-08,5.23E-08,1.77E-08,5.27E-08
2656.09,3.01E-15,3.92E-08,2.89E-11,4.44E-08,2.28E-10,4.63E-08,8.05E-10,4.67E-08,1.96E-09,4.70E-08,3.79E-09,4.79E-08,6.28E-09,4.72E-08,9.29E-09,4.76E-08,1.26E-08,4.79E-08,1.60E-08,4.85E-08
2782.56,1.72E-15,2.83E-08,1.71E-11,3.12E-08,1.33E-10,3.29E-08,4.73E-10,3.33E-08,1.16E-09,3.41E-08,2.26E-09,3.46E-08,3.79E-09,3.39E-08,5.68E-09,3.47E-08,7.83E-09,3.51E-08,1.01E-08,3.55E-08
2915.05,1.56E-15,2.35E-08,1.53E-11,2.71E-08,1.19E-10,2.63E-08,4.22E-10,2.82E-08,1.03E-09,2.91E-08,2.01E-09,2.63E-08,3.37E-09,2.93E-08,5.06E-09,2.83E-08,6.96E-09,2.95E-08,8.96E-09,2.70E-08
3053.86,1.12E-15,2.06E-08,1.10E-11,2.27E-08,8.56E-11,2.39E-08,3.06E-10,2.38E-08,7.51E-10,2.37E-08,1.48E-09,2.42E-08,2.50E-09,2.49E-08,3.78E-09,2.45E-08,5.25E-09,2.48E-08,6.83E-09,2.54E-08
3199.27,1.09E-15,2.06E-08,9.89E-12,2.42E-08,7.74E-11,2.30E-08,2.78E-10,2.60E-08,6.87E-10,2.52E-08,1.36E-09,2.63E-08,2.31E-09,2.41E-08,3.51E-09,2.70E-08,4.90E-09,2.65E-08,6.40E-09,2.60E-08
3351.6,8.60E-16,2.09E-08,8.87E-12,2.22E-08,6.95E-11,2.34E-08,2.52E-10,2.41E-08,6.22E-10,2.44E-08,1.24E-09,2.46E-08,2.11E-09,2.45E-08,3.23E-09,2.44E-08,4.53E-09,2.45E-08,5.94E-09,2.47E-08
3511.19,7.00E-16,1.79E-08,6.31E-12,1.93E-08,5.00E-11,1.99E-08,1.82E-10,2.05E-08,4.51E-10,2.05E-08,8.98E-10,2.08E-08,1.54E-09,2.09E-08,2.37E-09,2.09E-08,3.35E-09,2.11E-08,4.43E-09,2.10E-08
3678.38,6.47E-16,1.63E-08,5.85E-12,1.77E-08,4.61E-11,1.85E-08,1.68E-10,1.88E-08,4.18E-10,1.92E-08,8.36E-10,1.93E-08,1.44E-09,1.93E-08,2.21E-09,1.94E-08,3.13E-09,1.92E-08,4.14E-09,1.93E-08
3853.53,4.17E-16,1.22E-08,3.60E-12,1.34E-08,2.85E-11,1.39E-08,1.05E-10,1.42E-08,2.62E-10,1.45E-08,5.28E-10,1.44E-08,9.19E-10,1.47E-08,1.43E-09,1.43E-08,2.05E-09,1.48E-08,2.75E-09,1.44E-08
4037.02,3.65E-16,1.07E-08,3.24E-12,1.13E-08,2.55E-11,1.18E-08,9.35E-11,1.21E-08,2.33E-10,1.23E-08,4.69E-10,1.21E-08,8.14E-10,1.26E-08,1.27E-09,1.21E-08,1.81E-09,1.26E-08,2.42E-09,1.27E-08
4229.24,2.55E-16,9.50E-09,2.38E-12,1.01E-08,1.87E-11,1.08E-08,6.87E-11,1.06E-08,1.73E-10,1.09E-08,3.51E-10,1.11E-08,6.12E-10,1.15E-08,9.59E-10,1.13E-08,1.38E-09,1.15E-08,1.86E-09,1.18E-08
4430.62,2.09E-16,9.17E-09,1.96E-12,9.63E-09,1.55E-11,1.05E-08,5.78E-11,1.04E-08,1.46E-10,1.03E-08,2.99E-10,1.07E-08,5.26E-10,1.05E-08,8.31E-10,1.08E-08,1.21E-09,1.07E-08,1.64E-09,1.05E-08
4641.59,2.06E-16,8.44E-09,1.81E-12,8.61E-09,1.44E-11,8.88E-09,5.30E-11,9.07E-09,1.34E-10,9.10E-09,2.73E-10,8.65E-09,4.80E-10,9.30E-09,7.58E-10,9.28E-09,1.10E-09,9.20E-09,1.50E-09,8.98E-09
4862.6,1.31E-16,7.02E-09,1.12E-12,7.15E-09,8.83E-12,7.61E-09,3.28E-11,7.58E-09,8.39E-11,7.69E-09,1.72E-10,7.71E-09,3.05E-10,7.76E-09,4.86E-10,7.74E-09,7.13E-10,7.73E-09,9.83E-10,7.79E-09
5094.14,9.82E-17,6.26E-09,9.75E-13,6.55E-09,7.70E-12,6.93E-09,2.89E-11,6.78E-09,7.43E-11,6.96E-09,1.52E-10,7.04E-09,2.70E-10,6.87E-09,4.32E-10,7.09E-09,6.34E-10,7.14E-09,8.73E-10,7.08E-09
5336.7,7.95E-17,5.20E-09,7.51E-13,5.09E-09,6.01E-12,5.22E-09,2.22E-11,5.36E-09,5.69E-11,5.40E-09,1.17E-10,5.20E-09,2.07E-10,5.28E-09,3.30E-10,5.36E-09,4.87E-10,5.35E-09,6.73E-10,5.20E-09
5590.81,6.85E-17,4.76E-09,6.50E-13,4.99E-09,5.20E-12,5.11E-09,1.94E-11,4.90E-09,5.01E-11,5.21E-09,1.03E-10,5.06E-09,1.83E-10,5.04E-09,2.94E-10,5.17E-09,4.35E-10,5.08E-09,6.03E-10,5.10E-09
5857.02,4.66E-17,4.56E-09,4.30E-13,4.47E-09,3.57E-12,4.70E-09,1.36E-11,4.78E-09,3.52E-11,4.97E-09,7.34E-11,4.99E-09,1.32E-10,4.94E-09,2.14E-10,4.99E-09,3.19E-10,5.08E-09,4.47E-10,4.99E-09
6135.91,4.91E-17,4.34E-09,4.30E-13,4.18E-09,3.61E-12,4.46E-09,1.38E-11,4.54E-09,3.57E-11,4.71E-09,7.47E-11,4.66E-09,1.34E-10,4.66E-09,2.18E-10,4.68E-09,3.25E-10,4.66E-09,4.55E-10,4.72E-09
6428.07,2.76E-17,3.36E-09,2.37E-13,3.36E-09,2.10E-12,3.46E-09,8.17E-12,3.51E-09,2.16E-11,3.52E-09,4.54E-11,3.53E-09,8.22E-11,3.57E-09,1.34E-10,3.54E-09,2.02E-10,3.56E-09,2.85E-10,3.57E-09
6734.15,2.24E-17,2.78E-09,1.75E-13,2.82E-09,1.62E-12,2.89E-09,6.23E-12,2.98E-09,1.65E-11,3.01E-09,3.50E-11,3.02E-09,6.37E-11,3.03E-09,1.05E-10,2.98E-09,1.58E-10,3.08E-09,2.25E-10,3.00E-09
7054.8,1.79E-17,2.65E-09,1.26E-13,2.69E-09,1.24E-12,2.78E-09,4.83E-12,2.79E-09,1.29E-11,2.83E-09,2.75E-11,2.87E-09,5.01E-11,2.82E-09,8.24E-11,2.81E-09,1.25E-10,2.88E-09,1.78E-10,2.84E-09
7390.72,1.87E-17,2.38E-09,1.23E-13,2.29E-09,1.23E-12,2.43E-09,4.90E-12,2.49E-09,1.31E-11,2.38E-09,2.82E-11,2.41E-09,5.16E-11,2.52E-09,8.51E-11,2.48E-09,1.29E-10,2.34E-09,1.84E-10,2.46E-09
7742.64,1.27E-17,2.38E-09,1.04E-13,2.34E-09,1.04E-12,2.46E-09,4.15E-12,2.45E-09,1.11E-11,2.39E-09,2.36E-11,2.52E-09,4.30E-11,2.42E-09,7.08E-11,2.45E-09,1.08E-10,2.54E-09,1.54E-10,2.45E-09
8111.31,9.43E-18,1.94E-09,5.63E-14,1.91E-09,6.58E-13,1.98E-09,2.62E-12,2.01E-09,7.20E-12,2.02E-09,1.55E-11,2.02E-09,2.87E-11,2.04E-09,4.76E-11,2.05E-09,7.30E-11,2.06E-09,1.05E-10,2.06E-09
8497.53,6.68E-18,1.72E-09,4.30E-14,1.71E-09,5.06E-13,1.76E-09,2.02E-12,1.80E-09,5.58E-12,1.79E-09,1.20E-11,1.81E-09,2.22E-11,1.81E-09,3.69E-11,1.80E-09,5.67E-11,1.81E-09,8.17E-11,1.83E-09
8902.15,6.03E-18,1.41E-09,2.91E-14,1.43E-09,3.82E-13,1.48E-09,1.54E-12,1.46E-09,4.30E-12,1.53E-09,9.37E-12,1.49E-09,1.75E-11,1.45E-09,2.92E-11,1.51E-09,4.52E-11,1.49E-09,6.55E-11,1.53E-09
9326.03,5.16E-18,1.42E-09,2.74E-14,1.44E-09,3.76E-13,1.48E-09,1.51E-12,1.46E-09,4.27E-12,1.46E-09,9.37E-12,1.43E-09,1.75E-11,1.47E-09,2.93E-11,1.47E-09,4.55E-11,1.49E-09,6.63E-11,1.47E-09
9770.1,4.24E-18,1.23E-09,1.78E-14,1.27E-09,2.69E-13,1.30E-09,1.10E-12,1.27E-09,3.09E-12,1.31E-09,6.83E-12,1.30E-09,1.28E-11,1.29E-09,2.15E-11,1.31E-09,3.34E-11,1.31E-09,4.87E-11,1.32E-09
10000,4.54E-18,8.74E-10,3.57E-14,8.87E-10,2.95E-13,9.57E-10,1.13E-12,9.56E-10,2.95E-12,9.53E-10,6.26E-12,9.78E-10,1.15E-11,9.90E-10,1.91E-11,9.79E-10,2.95E-11,9.84E-10,4.27E-11,1.02E-09
10476.2,4.07E-18,7.74E-10,3.18E-14,8.35E-10,2.62E-13,8.87E-10,1.00E-12,8.94E-10,2.63E-12,9.09E-10,5.60E-12,9.05E-10,1.03E-11,9.11E-10,1.72E-11,9.21E-10,2.65E-11,9.24E-10,3.85E-11,9.20E-10
10975,2.47E-18,6.36E-10,2.05E-14,6.60E-10,1.69E-13,7.13E-10,6.49E-13,7.09E-10,1.71E-12,7.32E-10,3.65E-12,7.25E-10,6.76E-12,7.42E-10,1.13E-11,7.42E-10,1.75E-11,7.44E-10,2.56E-11,7.48E-10
11497.6,2.47E-18,6.21E-10,2.02E-14,6.33E-10,1.66E-13,6.67E-10,6.36E-13,6.71E-10,1.68E-12,6.85E-10,3.57E-12,6.88E-10,6.61E-12,6.98E-10,1.10E-11,7.03E-10,1.71E-11,7.05E-10,2.49E-11,7.08E-10
12045,1.97E-18,5.60E-10,1.73E-14,5.79E-10,1.42E-13,6.08E-10,5.42E-13,6.10E-10,1.44E-12,6.26E-10,3.05E-12,6.26E-10,5.65E-12,6.30E-10,9.44E-12,6.33E-10,1.46E-11,6.30E-10,2.13E-11,6.32E-10
12618.6,1.41E-18,4.57E-10,1.17E-14,4.51E-10,9.72E-14,4.77E-10,3.72E-13,4.80E-10,9.89E-13,4.93E-10,2.11E-12,4.96E-10,3.91E-12,5.04E-10,6.56E-12,5.01E-10,1.02E-11,4.94E-10,1.50E-11,4.87E-10
13219.4,1.04E-18,4.20E-10,9.62E-15,4.23E-10,7.99E-14,4.35E-10,3.06E-13,4.36E-10,8.16E-13,4.55E-10,1.74E-12,4.59E-10,3.23E-12,4.59E-10,5.41E-12,4.58E-10,8.41E-12,4.58E-10,1.23E-11,4.58E-10
13848.9,9.75E-19,3.89E-10,8.52E-15,3.88E-10,7.09E-14,4.13E-10,2.73E-13,4.20E-10,7.31E-13,4.24E-10,1.56E-12,4.27E-10,2.91E-12,4.25E-10,4.92E-12,4.29E-10,7.67E-12,4.33E-10,1.13E-11,4.29E-10
14508.3,6.01E-19,3.18E-10,5.12E-15,3.09E-10,4.36E-14,3.26E-10,1.71E-13,3.38E-10,4.57E-13,3.54E-10,9.87E-13,3.49E-10,1.85E-12,3.47E-10,3.13E-12,3.48E-10,4.90E-12,3.55E-10,7.24E-12,3.53E-10
15199.1,4.94E-19,2.91E-10,3.87E-15,2.82E-10,3.44E-14,2.96E-10,1.37E-13,3.07E-10,3.68E-13,3.19E-10,7.99E-13,3.17E-10,1.50E-12,3.13E-10,2.54E-12,3.13E-10,3.99E-12,3.20E-10,5.91E-12,3.21E-10
15922.8,3.96E-19,2.56E-10,2.65E-15,2.52E-10,2.59E-14,2.65E-10,1.05E-13,2.75E-10,2.85E-13,2.80E-10,6.22E-13,2.73E-10,1.17E-12,2.68E-10,2.00E-12,2.72E-10,3.15E-12,2.84E-10,4.69E-12,2.82E-10
16681,3.03E-19,2.29E-10,1.73E-15,2.28E-10,1.91E-14,2.38E-10,7.83E-14,2.46E-10,2.16E-13,2.49E-10,4.77E-13,2.43E-10,9.05E-13,2.41E-10,1.55E-12,2.46E-10,2.46E-12,2.52E-10,3.67E-12,2.53E-10
17475.3,2.55E-19,2.07E-10,1.18E-15,2.10E-10,1.48E-14,2.16E-10,6.05E-14,2.21E-10,1.71E-13,2.22E-10,3.80E-13,2.19E-10,7.25E-13,2.21E-10,1.24E-12,2.23E-10,1.98E-12,2.27E-10,2.97E-12,2.25E-10
18307.4,1.62E-19,1.82E-10,7.30E-16,1.88E-10,1.04E-14,1.92E-10,4.29E-14,1.93E-10,1.23E-13,1.91E-10,2.77E-13,1.91E-10,5.35E-13,1.97E-10,9.23E-13,1.98E-10,1.48E-12,1.97E-10,2.22E-12,1.91E-10
19179.1,1.25E-19,1.64E-10,4.70E-16,1.73E-10,7.89E-15,1.75E-10,3.35E-14,1.74E-10,9.67E-14,1.71E-10,2.21E-13,1.72E-10,4.28E-13,1.77E-10,7.42E-13,1.77E-10,1.19E-12,1.76E-10,1.80E-12,1.69E-10
20092.3,9.76E-20,1.49E-10,3.38E-16,1.54E-10,6.14E-15,1.59E-10,2.66E-14,1.57E-10,7.68E-14,1.54E-10,1.75E-13,1.58E-10,3.40E-13,1.57E-10,5.90E-13,1.60E-10,9.46E-13,1.57E-10,1.43E-12,1.53E-10
21049,7.86E-20,1.35E-10,2.28E-16,1.35E-10,4.53E-15,1.43E-10,2.05E-14,1.39E-10,5.97E-14,1.39E-10,1.38E-13,1.44E-10,2.69E-13,1.40E-10,4.68E-13,1.43E-10,7.51E-13,1.40E-10,1.14E-12,1.39E-10
22051.3,5.72E-20,1.20E-10,1.45E-16,1.19E-10,3.10E-15,1.27E-10,1.46E-14,1.25E-10,4.26E-14,1.23E-10,1.00E-13,1.28E-10,1.97E-13,1.24E-10,3.45E-13,1.26E-10,5.56E-13,1.26E-10,8.45E-13,1.25E-10
23101.3,5.20E-20,1.10E-10,1.04E-16,1.09E-10,2.35E-15,1.15E-10,1.16E-14,1.16E-10,3.39E-14,1.13E-10,7.98E-14,1.16E-10,1.59E-13,1.15E-10,2.80E-13,1.15E-10,4.53E-13,1.16E-10,6.88E-13,1.17E-10
24201.3,3.67E-20,9.98E-11,6.45E-17,9.75E-11,1.53E-15,1.03E-10,8.01E-15,1.05E-10,2.35E-14,1.02E-10,5.54E-14,1.04E-10,1.11E-13,1.04E-10,1.97E-13,1.04E-10,3.21E-13,1.04E-10,4.91E-13,1.05E-10
25353.6,2.52E-20,9.20E-11,3.77E-17,8.95E-11,9.81E-16,9.44E-11,5.70E-15,9.60E-11,1.73E-14,9.32E-11,4.07E-14,9.57E-11,8.29E-14,9.52E-11,1.49E-13,9.49E-11,2.43E-13,9.51E-11,3.73E-13,9.63E-11
26560.9,1.89E-20,8.63E-11,2.80E-17,8.30E-11,7.35E-16,8.79E-11,4.41E-15,8.82E-11,1.37E-14,8.64E-11,3.26E-14,8.91E-11,6.67E-14,8.83E-11,1.20E-13,8.83E-11,1.98E-13,8.87E-11,3.05E-13,8.95E-11
27825.6,1.97E-20,8.36E-11,2.31E-17,8.05E-11,6.24E-16,8.54E-11,3.92E-15,8.56E-11,1.24E-14,8.36E-11,2.94E-14,8.63E-11,6.03E-14,8.53E-11,1.10E-13,8.55E-11,1.82E-13,8.56E-11,2.81E-13,8.66E-11
29150.5,1.26E-20,7.71E-11,1.63E-17,7.44E-11,4.46E-16,7.87E-11,2.85E-15,7.89E-11,9.04E-15,7.70E-11,2.13E-14,7.90E-11,4.37E-14,7.81E-11,8.00E-14,7.85E-11,1.33E-13,7.85E-11,2.07E-13,7.94E-11
30538.6,1.07E-20,7.26E-11,1.19E-17,7.04E-11,3.39E-16,7.37E-11,2.30E-15,7.35E-11,7.45E-15,7.23E-11,1.73E-14,7.42E-11,3.51E-14,7.36E-11,6.46E-14,7.33E-11,1.08E-13,7.39E-11,1.69E-13,7.43E-11
31992.7,8.00E-21,6.82E-11,7.07E-18,6.59E-11,2.09E-16,6.87E-11,1.58E-15,6.85E-11,5.56E-15,6.75E-11,1.33E-14,6.95E-11,2.69E-14,6.89E-11,4.99E-14,6.84E-11,8.46E-14,6.91E-11,1.33E-13,6.92E-11
33516,7.40E-21,6.49E-11,6.46E-18,6.35E-11,1.90E-16,6.57E-11,1.42E-15,6.54E-11,4.96E-15,6.46E-11,1.18E-14,6.58E-11,2.35E-14,6.57E-11,4.30E-14,6.52E-11,7.24E-14,6.61E-11,1.13E-13,6.61E-11
35111.9,6.36E-21,6.00E-11,5.50E-18,5.91E-11,1.59E-16,6.14E-11,1.17E-15,6.03E-11,4.08E-15,6.00E-11,9.62E-15,6.17E-11,1.92E-14,6.18E-11,3.50E-14,6.04E-11,5.88E-14,6.17E-11,9.16E-14,6.16E-11
36783.8,3.92E-21,5.60E-11,3.29E-18,5.47E-11,9.27E-17,5.64E-11,7.12E-16,5.59E-11,2.64E-15,5.57E-11,6.54E-15,5.67E-11,1.32E-14,5.65E-11,2.40E-14,5.62E-11,4.04E-14,5.66E-11,6.38E-14,5.64E-11
38535.3,2.62E-21,5.32E-11,1.83E-18,5.13E-11,5.19E-17,5.29E-11,4.36E-16,5.30E-11,1.82E-15,5.29E-11,4.89E-15,5.28E-11,1.03E-14,5.22E-11,1.87E-14,5.33E-11,3.16E-14,5.29E-11,5.02E-14,5.27E-11
40370.2,2.53E-21,5.16E-11,1.54E-18,4.93E-11,4.37E-17,5.10E-11,3.79E-16,5.15E-11,1.63E-15,5.10E-11,4.48E-15,5.09E-11,9.43E-15,5.00E-11,1.71E-14,5.16E-11,2.87E-14,5.11E-11,4.57E-14,5.07E-11
42292.4,2.30E-21,4.96E-11,1.21E-18,4.73E-11,3.40E-17,4.87E-11,3.01E-16,4.93E-11,1.34E-15,4.87E-11,3.82E-15,4.88E-11,8.20E-15,4.79E-11,1.50E-14,4.97E-11,2.51E-14,4.86E-11,3.99E-14,4.84E-11
44306.2,2.05E-21,4.72E-11,1.05E-18,4.46E-11,2.95E-17,4.58E-11,2.58E-16,4.67E-11,1.13E-15,4.58E-11,3.12E-15,4.65E-11,6.55E-15,4.53E-11,1.18E-14,4.70E-11,1.98E-14,4.58E-11,3.17E-14,4.55E-11
46415.9,1.42E-21,4.35E-11,5.94E-19,4.20E-11,1.59E-17,4.27E-11,1.43E-16,4.37E-11,6.78E-16,4.25E-11,2.05E-15,4.32E-11,4.58E-15,4.25E-11,8.49E-15,4.39E-11,1.42E-14,4.30E-11,2.24E-14,4.25E-11
48626,9.09E-22,3.99E-11,3.33E-19,3.86E-11,8.48E-18,3.91E-11,7.59E-17,3.99E-11,3.72E-16,3.89E-11,1.19E-15,3.97E-11,2.85E-15,3.91E-11,5.58E-15,4.02E-11,9.60E-15,3.94E-11,1.53E-14,3.89E-11
50941.4,8.26E-22,3.75E-11,2.78E-19,3.54E-11,6.94E-18,3.59E-11,6.21E-17,3.73E-11,3.06E-16,3.52E-11,9.93E-16,3.72E-11,2.38E-15,3.65E-11,4.66E-15,3.76E-11,7.97E-15,3.62E-11,1.26E-14,3.49E-11
53367,4.90E-22,3.26E-11,2.04E-19,3.23E-11,5.33E-18,3.26E-11,4.80E-17,3.24E-11,2.34E-16,3.27E-11,7.44E-16,3.27E-11,1.75E-15,3.31E-11,3.37E-15,3.35E-11,5.71E-15,3.22E-11,8.98E-15,3.24E-11
55908.1,5.31E-22,3.19E-11,1.83E-19,3.17E-11,4.61E-18,3.19E-11,4.10E-17,3.17E-11,2.00E-16,3.19E-11,6.41E-16,3.20E-11,1.52E-15,3.25E-11,2.97E-15,3.26E-11,5.08E-15,3.16E-11,8.06E-15,3.18E-11
58570.2,4.55E-22,3.06E-11,1.61E-19,3.06E-11,4.04E-18,3.07E-11,3.56E-17,3.05E-11,1.72E-16,3.08E-11,5.48E-16,3.09E-11,1.30E-15,3.13E-11,2.54E-15,3.13E-11,4.38E-15,3.04E-11,7.02E-15,3.07E-11
61359.1,2.65E-22,2.87E-11,9.09E-20,2.86E-11,2.21E-18,2.87E-11,1.93E-17,2.86E-11,9.53E-17,2.87E-11,3.16E-16,2.88E-11,7.82E-16,2.92E-11,1.58E-15,2.92E-11,2.78E-15,2.85E-11,4.49E-15,2.87E-11
64280.7,1.71E-22,2.75E-11,5.07E-20,2.75E-11,1.17E-18,2.75E-11,1.02E-17,2.75E-11,5.18E-17,2.76E-11,1.83E-16,2.76E-11,4.93E-16,2.80E-11,1.08E-15,2.80E-11,2.01E-15,2.74E-11,3.36E-15,2.75E-11
67341.5,2.11E-22,2.71E-11,4.78E-20,2.70E-11,1.04E-18,2.71E-11,8.97E-18,2.71E-11,4.60E-17,2.71E-11,1.63E-16,2.72E-11,4.38E-16,2.75E-11,9.47E-16,2.74E-11,1.76E-15,2.71E-11,2.92E-15,2.71E-11
70548,1.32E-22,2.50E-11,3.35E-20,2.49E-11,7.42E-19,2.49E-11,6.39E-18,2.49E-11,3.27E-17,2.49E-11,1.17E-16,2.51E-11,3.18E-16,2.52E-11,6.95E-16,2.52E-11,1.30E-15,2.50E-11,2.16E-15,2.49E-11
73907.2,1.64E-22,2.46E-11,3.53E-20,2.45E-11,7.38E-19,2.45E-11,6.23E-18,2.45E-11,3.16E-17,2.46E-11,1.13E-16,2.47E-11,3.06E-16,2.48E-11,6.70E-16,2.48E-11,1.25E-15,2.46E-11,2.09E-15,2.46E-11
77426.4,8.83E-23,2.27E-11,1.83E-20,2.27E-11,3.60E-19,2.27E-11,2.89E-18,2.27E-11,1.43E-17,2.28E-11,5.16E-17,2.28E-11,1.46E-16,2.29E-11,3.42E-16,2.29E-11,6.86E-16,2.28E-11,1.22E-15,2.29E-11
81113.1,4.99E-23,2.09E-11,9.45E-21,2.09E-11,1.77E-19,2.09E-11,1.38E-18,2.09E-11,6.75E-18,2.10E-11,2.43E-17,2.09E-11,7.00E-17,2.10E-11,1.68E-16,2.11E-11,3.50E-16,2.10E-11,6.48E-16,2.10E-11
84975.3,4.67E-23,2.03E-11,9.29E-21,2.03E-11,1.77E-19,2.03E-11,1.39E-18,2.03E-11,6.81E-18,2.04E-11,2.45E-17,2.04E-11,7.02E-17,2.05E-11,1.68E-16,2.04E-11,3.45E-16,2.04E-11,6.31E-16,2.04E-11
89021.5,3.92E-23,1.95E-11,5.12E-21,1.96E-11,7.50E-20,1.95E-11,5.12E-19,1.95E-11,2.30E-18,1.97E-11,7.94E-18,1.96E-11,2.27E-17,1.97E-11,5.61E-17,1.97E-11,1.23E-16,1.96E-11,2.45E-16,1.97E-11
93260.3,2.84E-23,1.90E-11,4.00E-21,1.91E-11,6.19E-20,1.90E-11,4.35E-19,1.90E-11,1.99E-18,1.91E-11,6.97E-18,1.91E-11,2.01E-17,1.92E-11,5.01E-17,1.91E-11,1.10E-16,1.91E-11,2.19E-16,1.92E-11
97701,3.50E-23,1.84E-11,4.05E-21,1.85E-11,5.30E-20,1.84E-11,3.38E-19,1.84E-11,1.45E-18,1.85E-11,4.86E-18,1.85E-11,1.36E-17,1.86E-11,3.34E-17,1.85E-11,7.35E-17,1.85E-11,1.48E-16,1.86E-11
,,,,,,,,,,,,,,,,,,,,
,,,,,,,,,,,,,,,,,,,,
,,,,,,,,,,,,,,,,,,,,
,,,,,,,,,,,,,,,,,,,,
,,,,,,,,,,,,,,,,,,,,
,,,,,,,,,,,,,,,,,,,,
,,,,,,,,,,,,,,,,,,,,
,,,,,,,,,,,,,,,,,,,,
,,,,,,,,,,,,,,,,,,,,
,,,,,,,,,,,,,,,,,,,,
,,,,,,,,,,,,,,,,,,,,
,,,,,,,,,,,,,,,,,,,,
,,,,,,,,,,,,,,,,,,,,
,,,,,,,,,,,,,,,,,,,,
,,,,,,,,,,,,,,,,,,,,
,,,,,,,,,,,,,,,,,,,,
,,,,,,,,,,,,,,,,,,,,
,,,,,,,,,,,,,,,,,,,,
,,,,,,,,,,,,,,,,,,,,
,,,,,,,,,,,,,,,,,,,,
,,,,,,,,,,,,,,,,,,,,
,,,,,,,,,,,,,,,,,,,,
,,,,,,,,,,,,,,,,,,,,
,,,,,,,,,,,,,,,,,,,,
,,,,,,,,,,,,,,,,,,,,
,,,,,,,,,,,,,,,,,,,,
,,,,,,,,,,,,,,,,,,,,
,,,,,,,,,,,,,,,,,,,,
,,,,,,,,,,,,,,,,,,,,
,,,,,,,,,,,,,,,,,,,,
,,,,,,,,,,,,,,,,,,,,
,,,,,,,,,,,,,,,,,,,,
,,,,,,,,,,,,,,,,,,,,
,,,,,,,,,,,,,,,,,,,,
,,,,,,,,,,,,,,,,,,,,
,,,,,,,,,,,,,,,,,,,,
,,,,,,,,,,,,,,,,,,,,
,,,,,,,,,,,,,,,,,,,,
,,,,,,,,,,,,,,,,,,,,
,,,,,,,,,,,,,,,,,,,,
,,,,,,,,,,,,,,,,,,,,
,,,,,,,,,,,,,,,,,,,,
,,,,,,,,,,,,,,,,,,,,
,,,,,,,,,,,,,,,,,,,,
,,,,,,,,,,,,,,,,,,,,
,,,,,,,,,,,,,,,,,,,,
,,,,,,,,,,,,,,,,,,,,
,,,,,,,,,,,,,,,,,,,,
,,,,,,,,,,,,,,,,,,,,
,,,,,,,,,,,,,,,,,,,,
